title,location,client,risk
Extract corpo asset before lockdown,Corpo Plaza,Militech,HIGH
Extract corpo asset before lockdown,Corpo Plaza,NetWatch,HIGH
Extract corpo asset before lockdown,Corpo Plaza,Afterlife,HIGH
Extract corpo asset before lockdown,Corpo Plaza,Biotechnica,HIGH
Extract corpo asset before lockdown,Corpo Plaza,Arasaka,EXTREME
Extract corpo asset before lockdown,Corpo Plaza,Kang Tao,HIGH
Extract corpo asset before lockdown,Corpo Plaza,NCPD,HIGH
Extract corpo asset before lockdown,Corpo Plaza,Aldecaldos,HIGH
Extract corpo asset before lockdown,Corpo Plaza,Anonymous,HIGH
Extract corpo asset before lockdown,Corpo Plaza,Voodoo Boys,EXTREME
Extract corpo asset before lockdown,Watson,Militech,HIGH
Extract corpo asset before lockdown,Watson,NetWatch,MEDIUM
Extract corpo asset before lockdown,Watson,Afterlife,HIGH
Extract corpo asset before lockdown,Watson,Biotechnica,MEDIUM
Extract corpo asset before lockdown,Watson,Arasaka,HIGH
Extract corpo asset before lockdown,Watson,Kang Tao,HIGH
Extract corpo asset before lockdown,Watson,NCPD,MEDIUM
Extract corpo asset before lockdown,Watson,Aldecaldos,MEDIUM
Extract corpo asset before lockdown,Watson,Anonymous,HIGH
Extract corpo asset before lockdown,Watson,Voodoo Boys,HIGH
Extract corpo asset before lockdown,Santo Domingo,Militech,HIGH
Extract corpo asset before lockdown,Santo Domingo,NetWatch,MEDIUM
Extract corpo asset before lockdown,Santo Domingo,Afterlife,HIGH
Extract corpo asset before lockdown,Santo Domingo,Biotechnica,MEDIUM
Extract corpo asset before lockdown,Santo Domingo,Arasaka,HIGH
Extract corpo asset before lockdown,Santo Domingo,Kang Tao,HIGH
Extract corpo asset before lockdown,Santo Domingo,NCPD,MEDIUM
Extract corpo asset before lockdown,Santo Domingo,Aldecaldos,MEDIUM
Extract corpo asset before lockdown,Santo Domingo,Anonymous,HIGH
Extract corpo asset before lockdown,Santo Domingo,Voodoo Boys,HIGH
Extract corpo asset before lockdown,Northside,Militech,HIGH
Extract corpo asset before lockdown,Northside,NetWatch,HIGH
Extract corpo asset before lockdown,Northside,Afterlife,HIGH
Extract corpo asset before lockdown,Northside,Biotechnica,HIGH
Extract corpo asset before lockdown,Northside,Arasaka,EXTREME
Extract corpo asset before lockdown,Northside,Kang Tao,HIGH
Extract corpo asset before lockdown,Northside,NCPD,HIGH
Extract corpo asset before lockdown,Northside,Aldecaldos,HIGH
Extract corpo asset before lockdown,Northside,Anonymous,HIGH
Extract corpo asset before lockdown,Northside,Voodoo Boys,EXTREME
Extract corpo asset before lockdown,City Center,Militech,HIGH
Extract corpo asset before lockdown,City Center,NetWatch,HIGH
Extract corpo asset before lockdown,City Center,Afterlife,HIGH
Extract corpo asset before lockdown,City Center,Biotechnica,HIGH
Extract corpo asset before lockdown,City Center,Arasaka,EXTREME
Extract corpo asset before lockdown,City Center,Kang Tao,HIGH
Extract corpo asset before lockdown,City Center,NCPD,HIGH
Extract corpo asset before lockdown,City Center,Aldecaldos,HIGH
Extract corpo asset before lockdown,City Center,Anonymous,HIGH
Extract corpo asset before lockdown,City Center,Voodoo Boys,EXTREME
Extract corpo asset before lockdown,Westbrook,Militech,HIGH
Extract corpo asset before lockdown,Westbrook,NetWatch,MEDIUM
Extract corpo asset before lockdown,Westbrook,Afterlife,HIGH
Extract corpo asset before lockdown,Westbrook,Biotechnica,MEDIUM
Extract corpo asset before lockdown,Westbrook,Arasaka,HIGH
Extract corpo asset before lockdown,Westbrook,Kang Tao,HIGH
Extract corpo asset before lockdown,Westbrook,NCPD,MEDIUM
Extract corpo asset before lockdown,Westbrook,Aldecaldos,MEDIUM
Extract corpo asset before lockdown,Westbrook,Anonymous,HIGH
Extract corpo asset before lockdown,Westbrook,Voodoo Boys,HIGH
Extract corpo asset before lockdown,Pacifica,Militech,EXTREME
Extract corpo asset before lockdown,Pacifica,NetWatch,HIGH
Extract corpo asset before lockdown,Pacifica,Afterlife,EXTREME
Extract corpo asset before lockdown,Pacifica,Biotechnica,HIGH
Extract corpo asset before lockdown,Pacifica,Arasaka,EXTREME
Extract corpo asset before lockdown,Pacifica,Kang Tao,EXTREME
Extract corpo asset before lockdown,Pacifica,NCPD,HIGH
Extract corpo asset before lockdown,Pacifica,Aldecaldos,HIGH
Extract corpo asset before lockdown,Pacifica,Anonymous,EXTREME
Extract corpo asset before lockdown,Pacifica,Voodoo Boys,EXTREME
Extract corpo asset before lockdown,Badlands,Militech,EXTREME
Extract corpo asset before lockdown,Badlands,NetWatch,HIGH
Extract corpo asset before lockdown,Badlands,Afterlife,EXTREME
Extract corpo asset before lockdown,Badlands,Biotechnica,HIGH
Extract corpo asset before lockdown,Badlands,Arasaka,EXTREME
Extract corpo asset before lockdown,Badlands,Kang Tao,EXTREME
Extract corpo asset before lockdown,Badlands,NCPD,HIGH
Extract corpo asset before lockdown,Badlands,Aldecaldos,HIGH
Extract corpo asset before lockdown,Badlands,Anonymous,EXTREME
Extract corpo asset before lockdown,Badlands,Voodoo Boys,EXTREME
Extract corpo asset before lockdown,Japantown,Militech,HIGH
Extract corpo asset before lockdown,Japantown,NetWatch,MEDIUM
Extract corpo asset before lockdown,Japantown,Afterlife,HIGH
Extract corpo asset before lockdown,Japantown,Biotechnica,MEDIUM
Extract corpo asset before lockdown,Japantown,Arasaka,HIGH
Extract corpo asset before lockdown,Japantown,Kang Tao,HIGH
Extract corpo asset before lockdown,Japantown,NCPD,MEDIUM
Extract corpo asset before lockdown,Japantown,Aldecaldos,MEDIUM
Extract corpo asset before lockdown,Japantown,Anonymous,HIGH
Extract corpo asset before lockdown,Japantown,Voodoo Boys,HIGH
Extract corpo asset before lockdown,Charter Hill,Militech,HIGH
Extract corpo asset before lockdown,Charter Hill,NetWatch,HIGH
Extract corpo asset before lockdown,Charter Hill,Afterlife,HIGH
Extract corpo asset before lockdown,Charter Hill,Biotechnica,HIGH
Extract corpo asset before lockdown,Charter Hill,Arasaka,EXTREME
Extract corpo asset before lockdown,Charter Hill,Kang Tao,HIGH
Extract corpo asset before lockdown,Charter Hill,NCPD,HIGH
Extract corpo asset before lockdown,Charter Hill,Aldecaldos,HIGH
Extract corpo asset before lockdown,Charter Hill,Anonymous,HIGH
Extract corpo asset before lockdown,Charter Hill,Voodoo Boys,EXTREME
Recover encrypted shard from courier,Corpo Plaza,Militech,HIGH
Recover encrypted shard from courier,Corpo Plaza,NetWatch,MEDIUM
Recover encrypted shard from courier,Corpo Plaza,Afterlife,HIGH
Recover encrypted shard from courier,Corpo Plaza,Biotechnica,MEDIUM
Recover encrypted shard from courier,Corpo Plaza,Arasaka,HIGH
Recover encrypted shard from courier,Corpo Plaza,Kang Tao,HIGH
Recover encrypted shard from courier,Corpo Plaza,NCPD,MEDIUM
Recover encrypted shard from courier,Corpo Plaza,Aldecaldos,MEDIUM
Recover encrypted shard from courier,Corpo Plaza,Anonymous,HIGH
Recover encrypted shard from courier,Corpo Plaza,Voodoo Boys,HIGH
Recover encrypted shard from courier,Watson,Militech,MEDIUM
Recover encrypted shard from courier,Watson,NetWatch,MEDIUM
Recover encrypted shard from courier,Watson,Afterlife,MEDIUM
Recover encrypted shard from courier,Watson,Biotechnica,MEDIUM
Recover encrypted shard from courier,Watson,Arasaka,HIGH
Recover encrypted shard from courier,Watson,Kang Tao,MEDIUM
Recover encrypted shard from courier,Watson,NCPD,MEDIUM
Recover encrypted shard from courier,Watson,Aldecaldos,MEDIUM
Recover encrypted shard from courier,Watson,Anonymous,MEDIUM
Recover encrypted shard from courier,Watson,Voodoo Boys,HIGH
Recover encrypted shard from courier,Santo Domingo,Militech,MEDIUM
Recover encrypted shard from courier,Santo Domingo,NetWatch,MEDIUM
Recover encrypted shard from courier,Santo Domingo,Afterlife,MEDIUM
Recover encrypted shard from courier,Santo Domingo,Biotechnica,MEDIUM
Recover encrypted shard from courier,Santo Domingo,Arasaka,HIGH
Recover encrypted shard from courier,Santo Domingo,Kang Tao,MEDIUM
Recover encrypted shard from courier,Santo Domingo,NCPD,MEDIUM
Recover encrypted shard from courier,Santo Domingo,Aldecaldos,MEDIUM
Recover encrypted shard from courier,Santo Domingo,Anonymous,MEDIUM
Recover encrypted shard from courier,Santo Domingo,Voodoo Boys,HIGH
Recover encrypted shard from courier,Northside,Militech,HIGH
Recover encrypted shard from courier,Northside,NetWatch,MEDIUM
Recover encrypted shard from courier,Northside,Afterlife,HIGH
Recover encrypted shard from courier,Northside,Biotechnica,MEDIUM
Recover encrypted shard from courier,Northside,Arasaka,HIGH
Recover encrypted shard from courier,Northside,Kang Tao,HIGH
Recover encrypted shard from courier,Northside,NCPD,MEDIUM
Recover encrypted shard from courier,Northside,Aldecaldos,MEDIUM
Recover encrypted shard from courier,Northside,Anonymous,HIGH
Recover encrypted shard from courier,Northside,Voodoo Boys,HIGH
Recover encrypted shard from courier,City Center,Militech,HIGH
Recover encrypted shard from courier,City Center,NetWatch,MEDIUM
Recover encrypted shard from courier,City Center,Afterlife,HIGH
Recover encrypted shard from courier,City Center,Biotechnica,MEDIUM
Recover encrypted shard from courier,City Center,Arasaka,HIGH
Recover encrypted shard from courier,City Center,Kang Tao,HIGH
Recover encrypted shard from courier,City Center,NCPD,MEDIUM
Recover encrypted shard from courier,City Center,Aldecaldos,MEDIUM
Recover encrypted shard from courier,City Center,Anonymous,HIGH
Recover encrypted shard from courier,City Center,Voodoo Boys,HIGH
Recover encrypted shard from courier,Westbrook,Militech,MEDIUM
Recover encrypted shard from courier,Westbrook,NetWatch,MEDIUM
Recover encrypted shard from courier,Westbrook,Afterlife,MEDIUM
Recover encrypted shard from courier,Westbrook,Biotechnica,MEDIUM
Recover encrypted shard from courier,Westbrook,Arasaka,HIGH
Recover encrypted shard from courier,Westbrook,Kang Tao,MEDIUM
Recover encrypted shard from courier,Westbrook,NCPD,MEDIUM
Recover encrypted shard from courier,Westbrook,Aldecaldos,MEDIUM
Recover encrypted shard from courier,Westbrook,Anonymous,MEDIUM
Recover encrypted shard from courier,Westbrook,Voodoo Boys,HIGH
Recover encrypted shard from courier,Pacifica,Militech,HIGH
Recover encrypted shard from courier,Pacifica,NetWatch,HIGH
Recover encrypted shard from courier,Pacifica,Afterlife,HIGH
Recover encrypted shard from courier,Pacifica,Biotechnica,HIGH
Recover encrypted shard from courier,Pacifica,Arasaka,EXTREME
Recover encrypted shard from courier,Pacifica,Kang Tao,HIGH
Recover encrypted shard from courier,Pacifica,NCPD,HIGH
Recover encrypted shard from courier,Pacifica,Aldecaldos,HIGH
Recover encrypted shard from courier,Pacifica,Anonymous,HIGH
Recover encrypted shard from courier,Pacifica,Voodoo Boys,EXTREME
Recover encrypted shard from courier,Badlands,Militech,HIGH
Recover encrypted shard from courier,Badlands,NetWatch,HIGH
Recover encrypted shard from courier,Badlands,Afterlife,HIGH
Recover encrypted shard from courier,Badlands,Biotechnica,HIGH
Recover encrypted shard from courier,Badlands,Arasaka,EXTREME
Recover encrypted shard from courier,Badlands,Kang Tao,HIGH
Recover encrypted shard from courier,Badlands,NCPD,HIGH
Recover encrypted shard from courier,Badlands,Aldecaldos,HIGH
Recover encrypted shard from courier,Badlands,Anonymous,HIGH
Recover encrypted shard from courier,Badlands,Voodoo Boys,EXTREME
Recover encrypted shard from courier,Japantown,Militech,MEDIUM
Recover encrypted shard from courier,Japantown,NetWatch,MEDIUM
Recover encrypted shard from courier,Japantown,Afterlife,MEDIUM
Recover encrypted shard from courier,Japantown,Biotechnica,MEDIUM
Recover encrypted shard from courier,Japantown,Arasaka,HIGH
Recover encrypted shard from courier,Japantown,Kang Tao,MEDIUM
Recover encrypted shard from courier,Japantown,NCPD,MEDIUM
Recover encrypted shard from courier,Japantown,Aldecaldos,MEDIUM
Recover encrypted shard from courier,Japantown,Anonymous,MEDIUM
Recover encrypted shard from courier,Japantown,Voodoo Boys,HIGH
Recover encrypted shard from courier,Charter Hill,Militech,HIGH
Recover encrypted shard from courier,Charter Hill,NetWatch,MEDIUM
Recover encrypted shard from courier,Charter Hill,Afterlife,HIGH
Recover encrypted shard from courier,Charter Hill,Biotechnica,MEDIUM
Recover encrypted shard from courier,Charter Hill,Arasaka,HIGH
Recover encrypted shard from courier,Charter Hill,Kang Tao,HIGH
Recover encrypted shard from courier,Charter Hill,NCPD,MEDIUM
Recover encrypted shard from courier,Charter Hill,Aldecaldos,MEDIUM
Recover encrypted shard from courier,Charter Hill,Anonymous,HIGH
Recover encrypted shard from courier,Charter Hill,Voodoo Boys,HIGH
Disable hostile subnet relay,Corpo Plaza,Militech,HIGH
Disable hostile subnet relay,Corpo Plaza,NetWatch,HIGH
Disable hostile subnet relay,Corpo Plaza,Afterlife,HIGH
Disable hostile subnet relay,Corpo Plaza,Biotechnica,HIGH
Disable hostile subnet relay,Corpo Plaza,Arasaka,EXTREME
Disable hostile subnet relay,Corpo Plaza,Kang Tao,HIGH
Disable hostile subnet relay,Corpo Plaza,NCPD,HIGH
Disable hostile subnet relay,Corpo Plaza,Aldecaldos,HIGH
Disable hostile subnet relay,Corpo Plaza,Anonymous,HIGH
Disable hostile subnet relay,Corpo Plaza,Voodoo Boys,EXTREME
Disable hostile subnet relay,Watson,Militech,HIGH
Disable hostile subnet relay,Watson,NetWatch,MEDIUM
Disable hostile subnet relay,Watson,Afterlife,HIGH
Disable hostile subnet relay,Watson,Biotechnica,MEDIUM
Disable hostile subnet relay,Watson,Arasaka,HIGH
Disable hostile subnet relay,Watson,Kang Tao,HIGH
Disable hostile subnet relay,Watson,NCPD,MEDIUM
Disable hostile subnet relay,Watson,Aldecaldos,MEDIUM
Disable hostile subnet relay,Watson,Anonymous,HIGH
Disable hostile subnet relay,Watson,Voodoo Boys,HIGH
Disable hostile subnet relay,Santo Domingo,Militech,HIGH
Disable hostile subnet relay,Santo Domingo,NetWatch,MEDIUM
Disable hostile subnet relay,Santo Domingo,Afterlife,HIGH
Disable hostile subnet relay,Santo Domingo,Biotechnica,MEDIUM
Disable hostile subnet relay,Santo Domingo,Arasaka,HIGH
Disable hostile subnet relay,Santo Domingo,Kang Tao,HIGH
Disable hostile subnet relay,Santo Domingo,NCPD,MEDIUM
Disable hostile subnet relay,Santo Domingo,Aldecaldos,MEDIUM
Disable hostile subnet relay,Santo Domingo,Anonymous,HIGH
Disable hostile subnet relay,Santo Domingo,Voodoo Boys,HIGH
Disable hostile subnet relay,Northside,Militech,HIGH
Disable hostile subnet relay,Northside,NetWatch,HIGH
Disable hostile subnet relay,Northside,Afterlife,HIGH
Disable hostile subnet relay,Northside,Biotechnica,HIGH
Disable hostile subnet relay,Northside,Arasaka,EXTREME
Disable hostile subnet relay,Northside,Kang Tao,HIGH
Disable hostile subnet relay,Northside,NCPD,HIGH
Disable hostile subnet relay,Northside,Aldecaldos,HIGH
Disable hostile subnet relay,Northside,Anonymous,HIGH
Disable hostile subnet relay,Northside,Voodoo Boys,EXTREME
Disable hostile subnet relay,City Center,Militech,HIGH
Disable hostile subnet relay,City Center,NetWatch,HIGH
Disable hostile subnet relay,City Center,Afterlife,HIGH
Disable hostile subnet relay,City Center,Biotechnica,HIGH
Disable hostile subnet relay,City Center,Arasaka,EXTREME
Disable hostile subnet relay,City Center,Kang Tao,HIGH
Disable hostile subnet relay,City Center,NCPD,HIGH
Disable hostile subnet relay,City Center,Aldecaldos,HIGH
Disable hostile subnet relay,City Center,Anonymous,HIGH
Disable hostile subnet relay,City Center,Voodoo Boys,EXTREME
Disable hostile subnet relay,Westbrook,Militech,HIGH
Disable hostile subnet relay,Westbrook,NetWatch,MEDIUM
Disable hostile subnet relay,Westbrook,Afterlife,HIGH
Disable hostile subnet relay,Westbrook,Biotechnica,MEDIUM
Disable hostile subnet relay,Westbrook,Arasaka,HIGH
Disable hostile subnet relay,Westbrook,Kang Tao,HIGH
Disable hostile subnet relay,Westbrook,NCPD,MEDIUM
Disable hostile subnet relay,Westbrook,Aldecaldos,MEDIUM
Disable hostile subnet relay,Westbrook,Anonymous,HIGH
Disable hostile subnet relay,Westbrook,Voodoo Boys,HIGH
Disable hostile subnet relay,Pacifica,Militech,EXTREME
Disable hostile subnet relay,Pacifica,NetWatch,HIGH
Disable hostile subnet relay,Pacifica,Afterlife,EXTREME
Disable hostile subnet relay,Pacifica,Biotechnica,HIGH
Disable hostile subnet relay,Pacifica,Arasaka,EXTREME
Disable hostile subnet relay,Pacifica,Kang Tao,EXTREME
Disable hostile subnet relay,Pacifica,NCPD,HIGH
Disable hostile subnet relay,Pacifica,Aldecaldos,HIGH
Disable hostile subnet relay,Pacifica,Anonymous,EXTREME
Disable hostile subnet relay,Pacifica,Voodoo Boys,EXTREME
Disable hostile subnet relay,Badlands,Militech,EXTREME
Disable hostile subnet relay,Badlands,NetWatch,HIGH
Disable hostile subnet relay,Badlands,Afterlife,EXTREME
Disable hostile subnet relay,Badlands,Biotechnica,HIGH
Disable hostile subnet relay,Badlands,Arasaka,EXTREME
Disable hostile subnet relay,Badlands,Kang Tao,EXTREME
Disable hostile subnet relay,Badlands,NCPD,HIGH
Disable hostile subnet relay,Badlands,Aldecaldos,HIGH
Disable hostile subnet relay,Badlands,Anonymous,EXTREME
Disable hostile subnet relay,Badlands,Voodoo Boys,EXTREME
Disable hostile subnet relay,Japantown,Militech,HIGH
Disable hostile subnet relay,Japantown,NetWatch,MEDIUM
Disable hostile subnet relay,Japantown,Afterlife,HIGH
Disable hostile subnet relay,Japantown,Biotechnica,MEDIUM
Disable hostile subnet relay,Japantown,Arasaka,HIGH
Disable hostile subnet relay,Japantown,Kang Tao,HIGH
Disable hostile subnet relay,Japantown,NCPD,MEDIUM
Disable hostile subnet relay,Japantown,Aldecaldos,MEDIUM
Disable hostile subnet relay,Japantown,Anonymous,HIGH
Disable hostile subnet relay,Japantown,Voodoo Boys,HIGH
Disable hostile subnet relay,Charter Hill,Militech,HIGH
Disable hostile subnet relay,Charter Hill,NetWatch,HIGH
Disable hostile subnet relay,Charter Hill,Afterlife,HIGH
Disable hostile subnet relay,Charter Hill,Biotechnica,HIGH
Disable hostile subnet relay,Charter Hill,Arasaka,EXTREME
Disable hostile subnet relay,Charter Hill,Kang Tao,HIGH
Disable hostile subnet relay,Charter Hill,NCPD,HIGH
Disable hostile subnet relay,Charter Hill,Aldecaldos,HIGH
Disable hostile subnet relay,Charter Hill,Anonymous,HIGH
Disable hostile subnet relay,Charter Hill,Voodoo Boys,EXTREME
Escort medtech through gang border,Corpo Plaza,Militech,HIGH
Escort medtech through gang border,Corpo Plaza,NetWatch,MEDIUM
Escort medtech through gang border,Corpo Plaza,Afterlife,HIGH
Escort medtech through gang border,Corpo Plaza,Biotechnica,MEDIUM
Escort medtech through gang border,Corpo Plaza,Arasaka,HIGH
Escort medtech through gang border,Corpo Plaza,Kang Tao,HIGH
Escort medtech through gang border,Corpo Plaza,NCPD,MEDIUM
Escort medtech through gang border,Corpo Plaza,Aldecaldos,MEDIUM
Escort medtech through gang border,Corpo Plaza,Anonymous,HIGH
Escort medtech through gang border,Corpo Plaza,Voodoo Boys,HIGH
Escort medtech through gang border,Watson,Militech,MEDIUM
Escort medtech through gang border,Watson,NetWatch,MEDIUM
Escort medtech through gang border,Watson,Afterlife,MEDIUM
Escort medtech through gang border,Watson,Biotechnica,MEDIUM
Escort medtech through gang border,Watson,Arasaka,HIGH
Escort medtech through gang border,Watson,Kang Tao,MEDIUM
Escort medtech through gang border,Watson,NCPD,MEDIUM
Escort medtech through gang border,Watson,Aldecaldos,MEDIUM
Escort medtech through gang border,Watson,Anonymous,MEDIUM
Escort medtech through gang border,Watson,Voodoo Boys,HIGH
Escort medtech through gang border,Santo Domingo,Militech,MEDIUM
Escort medtech through gang border,Santo Domingo,NetWatch,MEDIUM
Escort medtech through gang border,Santo Domingo,Afterlife,MEDIUM
Escort medtech through gang border,Santo Domingo,Biotechnica,MEDIUM
Escort medtech through gang border,Santo Domingo,Arasaka,HIGH
Escort medtech through gang border,Santo Domingo,Kang Tao,MEDIUM
Escort medtech through gang border,Santo Domingo,NCPD,MEDIUM
Escort medtech through gang border,Santo Domingo,Aldecaldos,MEDIUM
Escort medtech through gang border,Santo Domingo,Anonymous,MEDIUM
Escort medtech through gang border,Santo Domingo,Voodoo Boys,HIGH
Escort medtech through gang border,Northside,Militech,HIGH
Escort medtech through gang border,Northside,NetWatch,MEDIUM
Escort medtech through gang border,Northside,Afterlife,HIGH
Escort medtech through gang border,Northside,Biotechnica,MEDIUM
Escort medtech through gang border,Northside,Arasaka,HIGH
Escort medtech through gang border,Northside,Kang Tao,HIGH
Escort medtech through gang border,Northside,NCPD,MEDIUM
Escort medtech through gang border,Northside,Aldecaldos,MEDIUM
Escort medtech through gang border,Northside,Anonymous,HIGH
Escort medtech through gang border,Northside,Voodoo Boys,HIGH
Escort medtech through gang border,City Center,Militech,HIGH
Escort medtech through gang border,City Center,NetWatch,MEDIUM
Escort medtech through gang border,City Center,Afterlife,HIGH
Escort medtech through gang border,City Center,Biotechnica,MEDIUM
Escort medtech through gang border,City Center,Arasaka,HIGH
Escort medtech through gang border,City Center,Kang Tao,HIGH
Escort medtech through gang border,City Center,NCPD,MEDIUM
Escort medtech through gang border,City Center,Aldecaldos,MEDIUM
Escort medtech through gang border,City Center,Anonymous,HIGH
Escort medtech through gang border,City Center,Voodoo Boys,HIGH
Escort medtech through gang border,Westbrook,Militech,MEDIUM
Escort medtech through gang border,Westbrook,NetWatch,MEDIUM
Escort medtech through gang border,Westbrook,Afterlife,MEDIUM
Escort medtech through gang border,Westbrook,Biotechnica,MEDIUM
Escort medtech through gang border,Westbrook,Arasaka,HIGH
Escort medtech through gang border,Westbrook,Kang Tao,MEDIUM
Escort medtech through gang border,Westbrook,NCPD,MEDIUM
Escort medtech through gang border,Westbrook,Aldecaldos,MEDIUM
Escort medtech through gang border,Westbrook,Anonymous,MEDIUM
Escort medtech through gang border,Westbrook,Voodoo Boys,HIGH
Escort medtech through gang border,Pacifica,Militech,HIGH
Escort medtech through gang border,Pacifica,NetWatch,HIGH
Escort medtech through gang border,Pacifica,Afterlife,HIGH
Escort medtech through gang border,Pacifica,Biotechnica,HIGH
Escort medtech through gang border,Pacifica,Arasaka,EXTREME
Escort medtech through gang border,Pacifica,Kang Tao,HIGH
Escort medtech through gang border,Pacifica,NCPD,HIGH
Escort medtech through gang border,Pacifica,Aldecaldos,HIGH
Escort medtech through gang border,Pacifica,Anonymous,HIGH
Escort medtech through gang border,Pacifica,Voodoo Boys,EXTREME
Escort medtech through gang border,Badlands,Militech,HIGH
Escort medtech through gang border,Badlands,NetWatch,HIGH
Escort medtech through gang border,Badlands,Afterlife,HIGH
Escort medtech through gang border,Badlands,Biotechnica,HIGH
Escort medtech through gang border,Badlands,Arasaka,EXTREME
Escort medtech through gang border,Badlands,Kang Tao,HIGH
Escort medtech through gang border,Badlands,NCPD,HIGH
Escort medtech through gang border,Badlands,Aldecaldos,HIGH
Escort medtech through gang border,Badlands,Anonymous,HIGH
Escort medtech through gang border,Badlands,Voodoo Boys,EXTREME
Escort medtech through gang border,Japantown,Militech,MEDIUM
Escort medtech through gang border,Japantown,NetWatch,MEDIUM
Escort medtech through gang border,Japantown,Afterlife,MEDIUM
Escort medtech through gang border,Japantown,Biotechnica,MEDIUM
Escort medtech through gang border,Japantown,Arasaka,HIGH
Escort medtech through gang border,Japantown,Kang Tao,MEDIUM
Escort medtech through gang border,Japantown,NCPD,MEDIUM
Escort medtech through gang border,Japantown,Aldecaldos,MEDIUM
Escort medtech through gang border,Japantown,Anonymous,MEDIUM
Escort medtech through gang border,Japantown,Voodoo Boys,HIGH
Escort medtech through gang border,Charter Hill,Militech,HIGH
Escort medtech through gang border,Charter Hill,NetWatch,MEDIUM
Escort medtech through gang border,Charter Hill,Afterlife,HIGH
Escort medtech through gang border,Charter Hill,Biotechnica,MEDIUM
Escort medtech through gang border,Charter Hill,Arasaka,HIGH
Escort medtech through gang border,Charter Hill,Kang Tao,HIGH
Escort medtech through gang border,Charter Hill,NCPD,MEDIUM
Escort medtech through gang border,Charter Hill,Aldecaldos,MEDIUM
Escort medtech through gang border,Charter Hill,Anonymous,HIGH
Escort medtech through gang border,Charter Hill,Voodoo Boys,HIGH
Plant tracer on executive convoy,Corpo Plaza,Militech,HIGH
Plant tracer on executive convoy,Corpo Plaza,NetWatch,MEDIUM
Plant tracer on executive convoy,Corpo Plaza,Afterlife,HIGH
Plant tracer on executive convoy,Corpo Plaza,Biotechnica,MEDIUM
Plant tracer on executive convoy,Corpo Plaza,Arasaka,HIGH
Plant tracer on executive convoy,Corpo Plaza,Kang Tao,HIGH
Plant tracer on executive convoy,Corpo Plaza,NCPD,MEDIUM
Plant tracer on executive convoy,Corpo Plaza,Aldecaldos,MEDIUM
Plant tracer on executive convoy,Corpo Plaza,Anonymous,HIGH
Plant tracer on executive convoy,Corpo Plaza,Voodoo Boys,HIGH
Plant tracer on executive convoy,Watson,Militech,MEDIUM
Plant tracer on executive convoy,Watson,NetWatch,MEDIUM
Plant tracer on executive convoy,Watson,Afterlife,MEDIUM
Plant tracer on executive convoy,Watson,Biotechnica,MEDIUM
Plant tracer on executive convoy,Watson,Arasaka,HIGH
Plant tracer on executive convoy,Watson,Kang Tao,MEDIUM
Plant tracer on executive convoy,Watson,NCPD,MEDIUM
Plant tracer on executive convoy,Watson,Aldecaldos,MEDIUM
Plant tracer on executive convoy,Watson,Anonymous,MEDIUM
Plant tracer on executive convoy,Watson,Voodoo Boys,HIGH
Plant tracer on executive convoy,Santo Domingo,Militech,MEDIUM
Plant tracer on executive convoy,Santo Domingo,NetWatch,MEDIUM
Plant tracer on executive convoy,Santo Domingo,Afterlife,MEDIUM
Plant tracer on executive convoy,Santo Domingo,Biotechnica,MEDIUM
Plant tracer on executive convoy,Santo Domingo,Arasaka,HIGH
Plant tracer on executive convoy,Santo Domingo,Kang Tao,MEDIUM
Plant tracer on executive convoy,Santo Domingo,NCPD,MEDIUM
Plant tracer on executive convoy,Santo Domingo,Aldecaldos,MEDIUM
Plant tracer on executive convoy,Santo Domingo,Anonymous,MEDIUM
Plant tracer on executive convoy,Santo Domingo,Voodoo Boys,HIGH
Plant tracer on executive convoy,Northside,Militech,HIGH
Plant tracer on executive convoy,Northside,NetWatch,MEDIUM
Plant tracer on executive convoy,Northside,Afterlife,HIGH
Plant tracer on executive convoy,Northside,Biotechnica,MEDIUM
Plant tracer on executive convoy,Northside,Arasaka,HIGH
Plant tracer on executive convoy,Northside,Kang Tao,HIGH
Plant tracer on executive convoy,Northside,NCPD,MEDIUM
Plant tracer on executive convoy,Northside,Aldecaldos,MEDIUM
Plant tracer on executive convoy,Northside,Anonymous,HIGH
Plant tracer on executive convoy,Northside,Voodoo Boys,HIGH
Plant tracer on executive convoy,City Center,Militech,HIGH
Plant tracer on executive convoy,City Center,NetWatch,MEDIUM
Plant tracer on executive convoy,City Center,Afterlife,HIGH
Plant tracer on executive convoy,City Center,Biotechnica,MEDIUM
Plant tracer on executive convoy,City Center,Arasaka,HIGH
Plant tracer on executive convoy,City Center,Kang Tao,HIGH
Plant tracer on executive convoy,City Center,NCPD,MEDIUM
Plant tracer on executive convoy,City Center,Aldecaldos,MEDIUM
Plant tracer on executive convoy,City Center,Anonymous,HIGH
Plant tracer on executive convoy,City Center,Voodoo Boys,HIGH
Plant tracer on executive convoy,Westbrook,Militech,MEDIUM
Plant tracer on executive convoy,Westbrook,NetWatch,MEDIUM
Plant tracer on executive convoy,Westbrook,Afterlife,MEDIUM
Plant tracer on executive convoy,Westbrook,Biotechnica,MEDIUM
Plant tracer on executive convoy,Westbrook,Arasaka,HIGH
Plant tracer on executive convoy,Westbrook,Kang Tao,MEDIUM
Plant tracer on executive convoy,Westbrook,NCPD,MEDIUM
Plant tracer on executive convoy,Westbrook,Aldecaldos,MEDIUM
Plant tracer on executive convoy,Westbrook,Anonymous,MEDIUM
Plant tracer on executive convoy,Westbrook,Voodoo Boys,HIGH
Plant tracer on executive convoy,Pacifica,Militech,HIGH
Plant tracer on executive convoy,Pacifica,NetWatch,HIGH
Plant tracer on executive convoy,Pacifica,Afterlife,HIGH
Plant tracer on executive convoy,Pacifica,Biotechnica,HIGH
Plant tracer on executive convoy,Pacifica,Arasaka,EXTREME
Plant tracer on executive convoy,Pacifica,Kang Tao,HIGH
Plant tracer on executive convoy,Pacifica,NCPD,HIGH
Plant tracer on executive convoy,Pacifica,Aldecaldos,HIGH
Plant tracer on executive convoy,Pacifica,Anonymous,HIGH
Plant tracer on executive convoy,Pacifica,Voodoo Boys,EXTREME
Plant tracer on executive convoy,Badlands,Militech,HIGH
Plant tracer on executive convoy,Badlands,NetWatch,HIGH
Plant tracer on executive convoy,Badlands,Afterlife,HIGH
Plant tracer on executive convoy,Badlands,Biotechnica,HIGH
Plant tracer on executive convoy,Badlands,Arasaka,EXTREME
Plant tracer on executive convoy,Badlands,Kang Tao,HIGH
Plant tracer on executive convoy,Badlands,NCPD,HIGH
Plant tracer on executive convoy,Badlands,Aldecaldos,HIGH
Plant tracer on executive convoy,Badlands,Anonymous,HIGH
Plant tracer on executive convoy,Badlands,Voodoo Boys,EXTREME
Plant tracer on executive convoy,Japantown,Militech,MEDIUM
Plant tracer on executive convoy,Japantown,NetWatch,MEDIUM
Plant tracer on executive convoy,Japantown,Afterlife,MEDIUM
Plant tracer on executive convoy,Japantown,Biotechnica,MEDIUM
Plant tracer on executive convoy,Japantown,Arasaka,HIGH
Plant tracer on executive convoy,Japantown,Kang Tao,MEDIUM
Plant tracer on executive convoy,Japantown,NCPD,MEDIUM
Plant tracer on executive convoy,Japantown,Aldecaldos,MEDIUM
Plant tracer on executive convoy,Japantown,Anonymous,MEDIUM
Plant tracer on executive convoy,Japantown,Voodoo Boys,HIGH
Plant tracer on executive convoy,Charter Hill,Militech,HIGH
Plant tracer on executive convoy,Charter Hill,NetWatch,MEDIUM
Plant tracer on executive convoy,Charter Hill,Afterlife,HIGH
Plant tracer on executive convoy,Charter Hill,Biotechnica,MEDIUM
Plant tracer on executive convoy,Charter Hill,Arasaka,HIGH
Plant tracer on executive convoy,Charter Hill,Kang Tao,HIGH
Plant tracer on executive convoy,Charter Hill,NCPD,MEDIUM
Plant tracer on executive convoy,Charter Hill,Aldecaldos,MEDIUM
Plant tracer on executive convoy,Charter Hill,Anonymous,HIGH
Plant tracer on executive convoy,Charter Hill,Voodoo Boys,HIGH
Audit black-market escrow vault,Corpo Plaza,Militech,MEDIUM
Audit black-market escrow vault,Corpo Plaza,NetWatch,MEDIUM
Audit black-market escrow vault,Corpo Plaza,Afterlife,MEDIUM
Audit black-market escrow vault,Corpo Plaza,Biotechnica,MEDIUM
Audit black-market escrow vault,Corpo Plaza,Arasaka,HIGH
Audit black-market escrow vault,Corpo Plaza,Kang Tao,MEDIUM
Audit black-market escrow vault,Corpo Plaza,NCPD,MEDIUM
Audit black-market escrow vault,Corpo Plaza,Aldecaldos,MEDIUM
Audit black-market escrow vault,Corpo Plaza,Anonymous,MEDIUM
Audit black-market escrow vault,Corpo Plaza,Voodoo Boys,HIGH
Audit black-market escrow vault,Watson,Militech,MEDIUM
Audit black-market escrow vault,Watson,NetWatch,LOW
Audit black-market escrow vault,Watson,Afterlife,MEDIUM
Audit black-market escrow vault,Watson,Biotechnica,LOW
Audit black-market escrow vault,Watson,Arasaka,MEDIUM
Audit black-market escrow vault,Watson,Kang Tao,MEDIUM
Audit black-market escrow vault,Watson,NCPD,LOW
Audit black-market escrow vault,Watson,Aldecaldos,LOW
Audit black-market escrow vault,Watson,Anonymous,MEDIUM
Audit black-market escrow vault,Watson,Voodoo Boys,MEDIUM
Audit black-market escrow vault,Santo Domingo,Militech,MEDIUM
Audit black-market escrow vault,Santo Domingo,NetWatch,LOW
Audit black-market escrow vault,Santo Domingo,Afterlife,MEDIUM
Audit black-market escrow vault,Santo Domingo,Biotechnica,LOW
Audit black-market escrow vault,Santo Domingo,Arasaka,MEDIUM
Audit black-market escrow vault,Santo Domingo,Kang Tao,MEDIUM
Audit black-market escrow vault,Santo Domingo,NCPD,LOW
Audit black-market escrow vault,Santo Domingo,Aldecaldos,LOW
Audit black-market escrow vault,Santo Domingo,Anonymous,MEDIUM
Audit black-market escrow vault,Santo Domingo,Voodoo Boys,MEDIUM
Audit black-market escrow vault,Northside,Militech,MEDIUM
Audit black-market escrow vault,Northside,NetWatch,MEDIUM
Audit black-market escrow vault,Northside,Afterlife,MEDIUM
Audit black-market escrow vault,Northside,Biotechnica,MEDIUM
Audit black-market escrow vault,Northside,Arasaka,HIGH
Audit black-market escrow vault,Northside,Kang Tao,MEDIUM
Audit black-market escrow vault,Northside,NCPD,MEDIUM
Audit black-market escrow vault,Northside,Aldecaldos,MEDIUM
Audit black-market escrow vault,Northside,Anonymous,MEDIUM
Audit black-market escrow vault,Northside,Voodoo Boys,HIGH
Audit black-market escrow vault,City Center,Militech,MEDIUM
Audit black-market escrow vault,City Center,NetWatch,MEDIUM
Audit black-market escrow vault,City Center,Afterlife,MEDIUM
Audit black-market escrow vault,City Center,Biotechnica,MEDIUM
Audit black-market escrow vault,City Center,Arasaka,HIGH
Audit black-market escrow vault,City Center,Kang Tao,MEDIUM
Audit black-market escrow vault,City Center,NCPD,MEDIUM
Audit black-market escrow vault,City Center,Aldecaldos,MEDIUM
Audit black-market escrow vault,City Center,Anonymous,MEDIUM
Audit black-market escrow vault,City Center,Voodoo Boys,HIGH
Audit black-market escrow vault,Westbrook,Militech,MEDIUM
Audit black-market escrow vault,Westbrook,NetWatch,LOW
Audit black-market escrow vault,Westbrook,Afterlife,MEDIUM
Audit black-market escrow vault,Westbrook,Biotechnica,LOW
Audit black-market escrow vault,Westbrook,Arasaka,MEDIUM
Audit black-market escrow vault,Westbrook,Kang Tao,MEDIUM
Audit black-market escrow vault,Westbrook,NCPD,LOW
Audit black-market escrow vault,Westbrook,Aldecaldos,LOW
Audit black-market escrow vault,Westbrook,Anonymous,MEDIUM
Audit black-market escrow vault,Westbrook,Voodoo Boys,MEDIUM
Audit black-market escrow vault,Pacifica,Militech,HIGH
Audit black-market escrow vault,Pacifica,NetWatch,MEDIUM
Audit black-market escrow vault,Pacifica,Afterlife,HIGH
Audit black-market escrow vault,Pacifica,Biotechnica,MEDIUM
Audit black-market escrow vault,Pacifica,Arasaka,HIGH
Audit black-market escrow vault,Pacifica,Kang Tao,HIGH
Audit black-market escrow vault,Pacifica,NCPD,MEDIUM
Audit black-market escrow vault,Pacifica,Aldecaldos,MEDIUM
Audit black-market escrow vault,Pacifica,Anonymous,HIGH
Audit black-market escrow vault,Pacifica,Voodoo Boys,HIGH
Audit black-market escrow vault,Badlands,Militech,HIGH
Audit black-market escrow vault,Badlands,NetWatch,MEDIUM
Audit black-market escrow vault,Badlands,Afterlife,HIGH
Audit black-market escrow vault,Badlands,Biotechnica,MEDIUM
Audit black-market escrow vault,Badlands,Arasaka,HIGH
Audit black-market escrow vault,Badlands,Kang Tao,HIGH
Audit black-market escrow vault,Badlands,NCPD,MEDIUM
Audit black-market escrow vault,Badlands,Aldecaldos,MEDIUM
Audit black-market escrow vault,Badlands,Anonymous,HIGH
Audit black-market escrow vault,Badlands,Voodoo Boys,HIGH
Audit black-market escrow vault,Japantown,Militech,MEDIUM
Audit black-market escrow vault,Japantown,NetWatch,LOW
Audit black-market escrow vault,Japantown,Afterlife,MEDIUM
Audit black-market escrow vault,Japantown,Biotechnica,LOW
Audit black-market escrow vault,Japantown,Arasaka,MEDIUM
Audit black-market escrow vault,Japantown,Kang Tao,MEDIUM
Audit black-market escrow vault,Japantown,NCPD,LOW
Audit black-market escrow vault,Japantown,Aldecaldos,LOW
Audit black-market escrow vault,Japantown,Anonymous,MEDIUM
Audit black-market escrow vault,Japantown,Voodoo Boys,MEDIUM
Audit black-market escrow vault,Charter Hill,Militech,MEDIUM
Audit black-market escrow vault,Charter Hill,NetWatch,MEDIUM
Audit black-market escrow vault,Charter Hill,Afterlife,MEDIUM
Audit black-market escrow vault,Charter Hill,Biotechnica,MEDIUM
Audit black-market escrow vault,Charter Hill,Arasaka,HIGH
Audit black-market escrow vault,Charter Hill,Kang Tao,MEDIUM
Audit black-market escrow vault,Charter Hill,NCPD,MEDIUM
Audit black-market escrow vault,Charter Hill,Aldecaldos,MEDIUM
Audit black-market escrow vault,Charter Hill,Anonymous,MEDIUM
Audit black-market escrow vault,Charter Hill,Voodoo Boys,HIGH
Trace rogue AI handshake,Corpo Plaza,Militech,HIGH
Trace rogue AI handshake,Corpo Plaza,NetWatch,HIGH
Trace rogue AI handshake,Corpo Plaza,Afterlife,HIGH
Trace rogue AI handshake,Corpo Plaza,Biotechnica,HIGH
Trace rogue AI handshake,Corpo Plaza,Arasaka,EXTREME
Trace rogue AI handshake,Corpo Plaza,Kang Tao,HIGH
Trace rogue AI handshake,Corpo Plaza,NCPD,HIGH
Trace rogue AI handshake,Corpo Plaza,Aldecaldos,HIGH
Trace rogue AI handshake,Corpo Plaza,Anonymous,HIGH
Trace rogue AI handshake,Corpo Plaza,Voodoo Boys,EXTREME
Trace rogue AI handshake,Watson,Militech,HIGH
Trace rogue AI handshake,Watson,NetWatch,MEDIUM
Trace rogue AI handshake,Watson,Afterlife,HIGH
Trace rogue AI handshake,Watson,Biotechnica,MEDIUM
Trace rogue AI handshake,Watson,Arasaka,HIGH
Trace rogue AI handshake,Watson,Kang Tao,HIGH
Trace rogue AI handshake,Watson,NCPD,MEDIUM
Trace rogue AI handshake,Watson,Aldecaldos,MEDIUM
Trace rogue AI handshake,Watson,Anonymous,HIGH
Trace rogue AI handshake,Watson,Voodoo Boys,HIGH
Trace rogue AI handshake,Santo Domingo,Militech,HIGH
Trace rogue AI handshake,Santo Domingo,NetWatch,MEDIUM
Trace rogue AI handshake,Santo Domingo,Afterlife,HIGH
Trace rogue AI handshake,Santo Domingo,Biotechnica,MEDIUM
Trace rogue AI handshake,Santo Domingo,Arasaka,HIGH
Trace rogue AI handshake,Santo Domingo,Kang Tao,HIGH
Trace rogue AI handshake,Santo Domingo,NCPD,MEDIUM
Trace rogue AI handshake,Santo Domingo,Aldecaldos,MEDIUM
Trace rogue AI handshake,Santo Domingo,Anonymous,HIGH
Trace rogue AI handshake,Santo Domingo,Voodoo Boys,HIGH
Trace rogue AI handshake,Northside,Militech,HIGH
Trace rogue AI handshake,Northside,NetWatch,HIGH
Trace rogue AI handshake,Northside,Afterlife,HIGH
Trace rogue AI handshake,Northside,Biotechnica,HIGH
Trace rogue AI handshake,Northside,Arasaka,EXTREME
Trace rogue AI handshake,Northside,Kang Tao,HIGH
Trace rogue AI handshake,Northside,NCPD,HIGH
Trace rogue AI handshake,Northside,Aldecaldos,HIGH
Trace rogue AI handshake,Northside,Anonymous,HIGH
Trace rogue AI handshake,Northside,Voodoo Boys,EXTREME
Trace rogue AI handshake,City Center,Militech,HIGH
Trace rogue AI handshake,City Center,NetWatch,HIGH
Trace rogue AI handshake,City Center,Afterlife,HIGH
Trace rogue AI handshake,City Center,Biotechnica,HIGH
Trace rogue AI handshake,City Center,Arasaka,EXTREME
Trace rogue AI handshake,City Center,Kang Tao,HIGH
Trace rogue AI handshake,City Center,NCPD,HIGH
Trace rogue AI handshake,City Center,Aldecaldos,HIGH
Trace rogue AI handshake,City Center,Anonymous,HIGH
Trace rogue AI handshake,City Center,Voodoo Boys,EXTREME
Trace rogue AI handshake,Westbrook,Militech,HIGH
Trace rogue AI handshake,Westbrook,NetWatch,MEDIUM
Trace rogue AI handshake,Westbrook,Afterlife,HIGH
Trace rogue AI handshake,Westbrook,Biotechnica,MEDIUM
Trace rogue AI handshake,Westbrook,Arasaka,HIGH
Trace rogue AI handshake,Westbrook,Kang Tao,HIGH
Trace rogue AI handshake,Westbrook,NCPD,MEDIUM
Trace rogue AI handshake,Westbrook,Aldecaldos,MEDIUM
Trace rogue AI handshake,Westbrook,Anonymous,HIGH
Trace rogue AI handshake,Westbrook,Voodoo Boys,HIGH
Trace rogue AI handshake,Pacifica,Militech,EXTREME
Trace rogue AI handshake,Pacifica,NetWatch,HIGH
Trace rogue AI handshake,Pacifica,Afterlife,EXTREME
Trace rogue AI handshake,Pacifica,Biotechnica,HIGH
Trace rogue AI handshake,Pacifica,Arasaka,EXTREME
Trace rogue AI handshake,Pacifica,Kang Tao,EXTREME
Trace rogue AI handshake,Pacifica,NCPD,HIGH
Trace rogue AI handshake,Pacifica,Aldecaldos,HIGH
Trace rogue AI handshake,Pacifica,Anonymous,EXTREME
Trace rogue AI handshake,Pacifica,Voodoo Boys,EXTREME
Trace rogue AI handshake,Badlands,Militech,EXTREME
Trace rogue AI handshake,Badlands,NetWatch,HIGH
Trace rogue AI handshake,Badlands,Afterlife,EXTREME
Trace rogue AI handshake,Badlands,Biotechnica,HIGH
Trace rogue AI handshake,Badlands,Arasaka,EXTREME
Trace rogue AI handshake,Badlands,Kang Tao,EXTREME
Trace rogue AI handshake,Badlands,NCPD,HIGH
Trace rogue AI handshake,Badlands,Aldecaldos,HIGH
Trace rogue AI handshake,Badlands,Anonymous,EXTREME
Trace rogue AI handshake,Badlands,Voodoo Boys,EXTREME
Trace rogue AI handshake,Japantown,Militech,HIGH
Trace rogue AI handshake,Japantown,NetWatch,MEDIUM
Trace rogue AI handshake,Japantown,Afterlife,HIGH
Trace rogue AI handshake,Japantown,Biotechnica,MEDIUM
Trace rogue AI handshake,Japantown,Arasaka,HIGH
Trace rogue AI handshake,Japantown,Kang Tao,HIGH
Trace rogue AI handshake,Japantown,NCPD,MEDIUM
Trace rogue AI handshake,Japantown,Aldecaldos,MEDIUM
Trace rogue AI handshake,Japantown,Anonymous,HIGH
Trace rogue AI handshake,Japantown,Voodoo Boys,HIGH
Trace rogue AI handshake,Charter Hill,Militech,HIGH
Trace rogue AI handshake,Charter Hill,NetWatch,HIGH
Trace rogue AI handshake,Charter Hill,Afterlife,HIGH
Trace rogue AI handshake,Charter Hill,Biotechnica,HIGH
Trace rogue AI handshake,Charter Hill,Arasaka,EXTREME
Trace rogue AI handshake,Charter Hill,Kang Tao,HIGH
Trace rogue AI handshake,Charter Hill,NCPD,HIGH
Trace rogue AI handshake,Charter Hill,Aldecaldos,HIGH
Trace rogue AI handshake,Charter Hill,Anonymous,HIGH
Trace rogue AI handshake,Charter Hill,Voodoo Boys,EXTREME
Retrieve prototype cyberdeck,Corpo Plaza,Militech,HIGH
Retrieve prototype cyberdeck,Corpo Plaza,NetWatch,MEDIUM
Retrieve prototype cyberdeck,Corpo Plaza,Afterlife,HIGH
Retrieve prototype cyberdeck,Corpo Plaza,Biotechnica,MEDIUM
Retrieve prototype cyberdeck,Corpo Plaza,Arasaka,HIGH
Retrieve prototype cyberdeck,Corpo Plaza,Kang Tao,HIGH
Retrieve prototype cyberdeck,Corpo Plaza,NCPD,MEDIUM
Retrieve prototype cyberdeck,Corpo Plaza,Aldecaldos,MEDIUM
Retrieve prototype cyberdeck,Corpo Plaza,Anonymous,HIGH
Retrieve prototype cyberdeck,Corpo Plaza,Voodoo Boys,HIGH
Retrieve prototype cyberdeck,Watson,Militech,MEDIUM
Retrieve prototype cyberdeck,Watson,NetWatch,MEDIUM
Retrieve prototype cyberdeck,Watson,Afterlife,MEDIUM
Retrieve prototype cyberdeck,Watson,Biotechnica,MEDIUM
Retrieve prototype cyberdeck,Watson,Arasaka,HIGH
Retrieve prototype cyberdeck,Watson,Kang Tao,MEDIUM
Retrieve prototype cyberdeck,Watson,NCPD,MEDIUM
Retrieve prototype cyberdeck,Watson,Aldecaldos,MEDIUM
Retrieve prototype cyberdeck,Watson,Anonymous,MEDIUM
Retrieve prototype cyberdeck,Watson,Voodoo Boys,HIGH
Retrieve prototype cyberdeck,Santo Domingo,Militech,MEDIUM
Retrieve prototype cyberdeck,Santo Domingo,NetWatch,MEDIUM
Retrieve prototype cyberdeck,Santo Domingo,Afterlife,MEDIUM
Retrieve prototype cyberdeck,Santo Domingo,Biotechnica,MEDIUM
Retrieve prototype cyberdeck,Santo Domingo,Arasaka,HIGH
Retrieve prototype cyberdeck,Santo Domingo,Kang Tao,MEDIUM
Retrieve prototype cyberdeck,Santo Domingo,NCPD,MEDIUM
Retrieve prototype cyberdeck,Santo Domingo,Aldecaldos,MEDIUM
Retrieve prototype cyberdeck,Santo Domingo,Anonymous,MEDIUM
Retrieve prototype cyberdeck,Santo Domingo,Voodoo Boys,HIGH
Retrieve prototype cyberdeck,Northside,Militech,HIGH
Retrieve prototype cyberdeck,Northside,NetWatch,MEDIUM
Retrieve prototype cyberdeck,Northside,Afterlife,HIGH
Retrieve prototype cyberdeck,Northside,Biotechnica,MEDIUM
Retrieve prototype cyberdeck,Northside,Arasaka,HIGH
Retrieve prototype cyberdeck,Northside,Kang Tao,HIGH
Retrieve prototype cyberdeck,Northside,NCPD,MEDIUM
Retrieve prototype cyberdeck,Northside,Aldecaldos,MEDIUM
Retrieve prototype cyberdeck,Northside,Anonymous,HIGH
Retrieve prototype cyberdeck,Northside,Voodoo Boys,HIGH
Retrieve prototype cyberdeck,City Center,Militech,HIGH
Retrieve prototype cyberdeck,City Center,NetWatch,MEDIUM
Retrieve prototype cyberdeck,City Center,Afterlife,HIGH
Retrieve prototype cyberdeck,City Center,Biotechnica,MEDIUM
Retrieve prototype cyberdeck,City Center,Arasaka,HIGH
Retrieve prototype cyberdeck,City Center,Kang Tao,HIGH
Retrieve prototype cyberdeck,City Center,NCPD,MEDIUM
Retrieve prototype cyberdeck,City Center,Aldecaldos,MEDIUM
Retrieve prototype cyberdeck,City Center,Anonymous,HIGH
Retrieve prototype cyberdeck,City Center,Voodoo Boys,HIGH
Retrieve prototype cyberdeck,Westbrook,Militech,MEDIUM
Retrieve prototype cyberdeck,Westbrook,NetWatch,MEDIUM
Retrieve prototype cyberdeck,Westbrook,Afterlife,MEDIUM
Retrieve prototype cyberdeck,Westbrook,Biotechnica,MEDIUM
Retrieve prototype cyberdeck,Westbrook,Arasaka,HIGH
Retrieve prototype cyberdeck,Westbrook,Kang Tao,MEDIUM
Retrieve prototype cyberdeck,Westbrook,NCPD,MEDIUM
Retrieve prototype cyberdeck,Westbrook,Aldecaldos,MEDIUM
Retrieve prototype cyberdeck,Westbrook,Anonymous,MEDIUM
Retrieve prototype cyberdeck,Westbrook,Voodoo Boys,HIGH
Retrieve prototype cyberdeck,Pacifica,Militech,HIGH
Retrieve prototype cyberdeck,Pacifica,NetWatch,HIGH
Retrieve prototype cyberdeck,Pacifica,Afterlife,HIGH
Retrieve prototype cyberdeck,Pacifica,Biotechnica,HIGH
Retrieve prototype cyberdeck,Pacifica,Arasaka,EXTREME
Retrieve prototype cyberdeck,Pacifica,Kang Tao,HIGH
Retrieve prototype cyberdeck,Pacifica,NCPD,HIGH
Retrieve prototype cyberdeck,Pacifica,Aldecaldos,HIGH
Retrieve prototype cyberdeck,Pacifica,Anonymous,HIGH
Retrieve prototype cyberdeck,Pacifica,Voodoo Boys,EXTREME
Retrieve prototype cyberdeck,Badlands,Militech,HIGH
Retrieve prototype cyberdeck,Badlands,NetWatch,HIGH
Retrieve prototype cyberdeck,Badlands,Afterlife,HIGH
Retrieve prototype cyberdeck,Badlands,Biotechnica,HIGH
Retrieve prototype cyberdeck,Badlands,Arasaka,EXTREME
Retrieve prototype cyberdeck,Badlands,Kang Tao,HIGH
Retrieve prototype cyberdeck,Badlands,NCPD,HIGH
Retrieve prototype cyberdeck,Badlands,Aldecaldos,HIGH
Retrieve prototype cyberdeck,Badlands,Anonymous,HIGH
Retrieve prototype cyberdeck,Badlands,Voodoo Boys,EXTREME
Retrieve prototype cyberdeck,Japantown,Militech,MEDIUM
Retrieve prototype cyberdeck,Japantown,NetWatch,MEDIUM
Retrieve prototype cyberdeck,Japantown,Afterlife,MEDIUM
Retrieve prototype cyberdeck,Japantown,Biotechnica,MEDIUM
Retrieve prototype cyberdeck,Japantown,Arasaka,HIGH
Retrieve prototype cyberdeck,Japantown,Kang Tao,MEDIUM
Retrieve prototype cyberdeck,Japantown,NCPD,MEDIUM
Retrieve prototype cyberdeck,Japantown,Aldecaldos,MEDIUM
Retrieve prototype cyberdeck,Japantown,Anonymous,MEDIUM
Retrieve prototype cyberdeck,Japantown,Voodoo Boys,HIGH
Retrieve prototype cyberdeck,Charter Hill,Militech,HIGH
Retrieve prototype cyberdeck,Charter Hill,NetWatch,MEDIUM
Retrieve prototype cyberdeck,Charter Hill,Afterlife,HIGH
Retrieve prototype cyberdeck,Charter Hill,Biotechnica,MEDIUM
Retrieve prototype cyberdeck,Charter Hill,Arasaka,HIGH
Retrieve prototype cyberdeck,Charter Hill,Kang Tao,HIGH
Retrieve prototype cyberdeck,Charter Hill,NCPD,MEDIUM
Retrieve prototype cyberdeck,Charter Hill,Aldecaldos,MEDIUM
Retrieve prototype cyberdeck,Charter Hill,Anonymous,HIGH
Retrieve prototype cyberdeck,Charter Hill,Voodoo Boys,HIGH
Scrub surveillance record from archive,Corpo Plaza,Militech,MEDIUM
Scrub surveillance record from archive,Corpo Plaza,NetWatch,MEDIUM
Scrub surveillance record from archive,Corpo Plaza,Afterlife,MEDIUM
Scrub surveillance record from archive,Corpo Plaza,Biotechnica,MEDIUM
Scrub surveillance record from archive,Corpo Plaza,Arasaka,HIGH
Scrub surveillance record from archive,Corpo Plaza,Kang Tao,MEDIUM
Scrub surveillance record from archive,Corpo Plaza,NCPD,MEDIUM
Scrub surveillance record from archive,Corpo Plaza,Aldecaldos,MEDIUM
Scrub surveillance record from archive,Corpo Plaza,Anonymous,MEDIUM
Scrub surveillance record from archive,Corpo Plaza,Voodoo Boys,HIGH
Scrub surveillance record from archive,Watson,Militech,MEDIUM
Scrub surveillance record from archive,Watson,NetWatch,LOW
Scrub surveillance record from archive,Watson,Afterlife,MEDIUM
Scrub surveillance record from archive,Watson,Biotechnica,LOW
Scrub surveillance record from archive,Watson,Arasaka,MEDIUM
Scrub surveillance record from archive,Watson,Kang Tao,MEDIUM
Scrub surveillance record from archive,Watson,NCPD,LOW
Scrub surveillance record from archive,Watson,Aldecaldos,LOW
Scrub surveillance record from archive,Watson,Anonymous,MEDIUM
Scrub surveillance record from archive,Watson,Voodoo Boys,MEDIUM
Scrub surveillance record from archive,Santo Domingo,Militech,MEDIUM
Scrub surveillance record from archive,Santo Domingo,NetWatch,LOW
Scrub surveillance record from archive,Santo Domingo,Afterlife,MEDIUM
Scrub surveillance record from archive,Santo Domingo,Biotechnica,LOW
Scrub surveillance record from archive,Santo Domingo,Arasaka,MEDIUM
Scrub surveillance record from archive,Santo Domingo,Kang Tao,MEDIUM
Scrub surveillance record from archive,Santo Domingo,NCPD,LOW
Scrub surveillance record from archive,Santo Domingo,Aldecaldos,LOW
Scrub surveillance record from archive,Santo Domingo,Anonymous,MEDIUM
Scrub surveillance record from archive,Santo Domingo,Voodoo Boys,MEDIUM
Scrub surveillance record from archive,Northside,Militech,MEDIUM
Scrub surveillance record from archive,Northside,NetWatch,MEDIUM
Scrub surveillance record from archive,Northside,Afterlife,MEDIUM
Scrub surveillance record from archive,Northside,Biotechnica,MEDIUM
Scrub surveillance record from archive,Northside,Arasaka,HIGH
Scrub surveillance record from archive,Northside,Kang Tao,MEDIUM
Scrub surveillance record from archive,Northside,NCPD,MEDIUM
Scrub surveillance record from archive,Northside,Aldecaldos,MEDIUM
Scrub surveillance record from archive,Northside,Anonymous,MEDIUM
Scrub surveillance record from archive,Northside,Voodoo Boys,HIGH
Scrub surveillance record from archive,City Center,Militech,MEDIUM
Scrub surveillance record from archive,City Center,NetWatch,MEDIUM
Scrub surveillance record from archive,City Center,Afterlife,MEDIUM
Scrub surveillance record from archive,City Center,Biotechnica,MEDIUM
Scrub surveillance record from archive,City Center,Arasaka,HIGH
Scrub surveillance record from archive,City Center,Kang Tao,MEDIUM
Scrub surveillance record from archive,City Center,NCPD,MEDIUM
Scrub surveillance record from archive,City Center,Aldecaldos,MEDIUM
Scrub surveillance record from archive,City Center,Anonymous,MEDIUM
Scrub surveillance record from archive,City Center,Voodoo Boys,HIGH
Scrub surveillance record from archive,Westbrook,Militech,MEDIUM
Scrub surveillance record from archive,Westbrook,NetWatch,LOW
Scrub surveillance record from archive,Westbrook,Afterlife,MEDIUM
Scrub surveillance record from archive,Westbrook,Biotechnica,LOW
Scrub surveillance record from archive,Westbrook,Arasaka,MEDIUM
Scrub surveillance record from archive,Westbrook,Kang Tao,MEDIUM
Scrub surveillance record from archive,Westbrook,NCPD,LOW
Scrub surveillance record from archive,Westbrook,Aldecaldos,LOW
Scrub surveillance record from archive,Westbrook,Anonymous,MEDIUM
Scrub surveillance record from archive,Westbrook,Voodoo Boys,MEDIUM
Scrub surveillance record from archive,Pacifica,Militech,HIGH
Scrub surveillance record from archive,Pacifica,NetWatch,MEDIUM
Scrub surveillance record from archive,Pacifica,Afterlife,HIGH
Scrub surveillance record from archive,Pacifica,Biotechnica,MEDIUM
Scrub surveillance record from archive,Pacifica,Arasaka,HIGH
Scrub surveillance record from archive,Pacifica,Kang Tao,HIGH
Scrub surveillance record from archive,Pacifica,NCPD,MEDIUM
Scrub surveillance record from archive,Pacifica,Aldecaldos,MEDIUM
Scrub surveillance record from archive,Pacifica,Anonymous,HIGH
Scrub surveillance record from archive,Pacifica,Voodoo Boys,HIGH
Scrub surveillance record from archive,Badlands,Militech,HIGH
Scrub surveillance record from archive,Badlands,NetWatch,MEDIUM
Scrub surveillance record from archive,Badlands,Afterlife,HIGH
Scrub surveillance record from archive,Badlands,Biotechnica,MEDIUM
Scrub surveillance record from archive,Badlands,Arasaka,HIGH
Scrub surveillance record from archive,Badlands,Kang Tao,HIGH
Scrub surveillance record from archive,Badlands,NCPD,MEDIUM
Scrub surveillance record from archive,Badlands,Aldecaldos,MEDIUM
Scrub surveillance record from archive,Badlands,Anonymous,HIGH
Scrub surveillance record from archive,Badlands,Voodoo Boys,HIGH
Scrub surveillance record from archive,Japantown,Militech,MEDIUM
Scrub surveillance record from archive,Japantown,NetWatch,LOW
Scrub surveillance record from archive,Japantown,Afterlife,MEDIUM
Scrub surveillance record from archive,Japantown,Biotechnica,LOW
Scrub surveillance record from archive,Japantown,Arasaka,MEDIUM
Scrub surveillance record from archive,Japantown,Kang Tao,MEDIUM
Scrub surveillance record from archive,Japantown,NCPD,LOW
Scrub surveillance record from archive,Japantown,Aldecaldos,LOW
Scrub surveillance record from archive,Japantown,Anonymous,MEDIUM
Scrub surveillance record from archive,Japantown,Voodoo Boys,MEDIUM
Scrub surveillance record from archive,Charter Hill,Militech,MEDIUM
Scrub surveillance record from archive,Charter Hill,NetWatch,MEDIUM
Scrub surveillance record from archive,Charter Hill,Afterlife,MEDIUM
Scrub surveillance record from archive,Charter Hill,Biotechnica,MEDIUM
Scrub surveillance record from archive,Charter Hill,Arasaka,HIGH
Scrub surveillance record from archive,Charter Hill,Kang Tao,MEDIUM
Scrub surveillance record from archive,Charter Hill,NCPD,MEDIUM
Scrub surveillance record from archive,Charter Hill,Aldecaldos,MEDIUM
Scrub surveillance record from archive,Charter Hill,Anonymous,MEDIUM
Scrub surveillance record from archive,Charter Hill,Voodoo Boys,HIGH
Secure data mule at safehouse,Corpo Plaza,Militech,MEDIUM
Secure data mule at safehouse,Corpo Plaza,NetWatch,MEDIUM
Secure data mule at safehouse,Corpo Plaza,Afterlife,MEDIUM
Secure data mule at safehouse,Corpo Plaza,Biotechnica,MEDIUM
Secure data mule at safehouse,Corpo Plaza,Arasaka,HIGH
Secure data mule at safehouse,Corpo Plaza,Kang Tao,MEDIUM
Secure data mule at safehouse,Corpo Plaza,NCPD,MEDIUM
Secure data mule at safehouse,Corpo Plaza,Aldecaldos,MEDIUM
Secure data mule at safehouse,Corpo Plaza,Anonymous,MEDIUM
Secure data mule at safehouse,Corpo Plaza,Voodoo Boys,HIGH
Secure data mule at safehouse,Watson,Militech,MEDIUM
Secure data mule at safehouse,Watson,NetWatch,LOW
Secure data mule at safehouse,Watson,Afterlife,MEDIUM
Secure data mule at safehouse,Watson,Biotechnica,LOW
Secure data mule at safehouse,Watson,Arasaka,MEDIUM
Secure data mule at safehouse,Watson,Kang Tao,MEDIUM
Secure data mule at safehouse,Watson,NCPD,LOW
Secure data mule at safehouse,Watson,Aldecaldos,LOW
Secure data mule at safehouse,Watson,Anonymous,MEDIUM
Secure data mule at safehouse,Watson,Voodoo Boys,MEDIUM
Secure data mule at safehouse,Santo Domingo,Militech,MEDIUM
Secure data mule at safehouse,Santo Domingo,NetWatch,LOW
Secure data mule at safehouse,Santo Domingo,Afterlife,MEDIUM
Secure data mule at safehouse,Santo Domingo,Biotechnica,LOW
Secure data mule at safehouse,Santo Domingo,Arasaka,MEDIUM
Secure data mule at safehouse,Santo Domingo,Kang Tao,MEDIUM
Secure data mule at safehouse,Santo Domingo,NCPD,LOW
Secure data mule at safehouse,Santo Domingo,Aldecaldos,LOW
Secure data mule at safehouse,Santo Domingo,Anonymous,MEDIUM
Secure data mule at safehouse,Santo Domingo,Voodoo Boys,MEDIUM
Secure data mule at safehouse,Northside,Militech,MEDIUM
Secure data mule at safehouse,Northside,NetWatch,MEDIUM
Secure data mule at safehouse,Northside,Afterlife,MEDIUM
Secure data mule at safehouse,Northside,Biotechnica,MEDIUM
Secure data mule at safehouse,Northside,Arasaka,HIGH
Secure data mule at safehouse,Northside,Kang Tao,MEDIUM
Secure data mule at safehouse,Northside,NCPD,MEDIUM
Secure data mule at safehouse,Northside,Aldecaldos,MEDIUM
Secure data mule at safehouse,Northside,Anonymous,MEDIUM
Secure data mule at safehouse,Northside,Voodoo Boys,HIGH
Secure data mule at safehouse,City Center,Militech,MEDIUM
Secure data mule at safehouse,City Center,NetWatch,MEDIUM
Secure data mule at safehouse,City Center,Afterlife,MEDIUM
Secure data mule at safehouse,City Center,Biotechnica,MEDIUM
Secure data mule at safehouse,City Center,Arasaka,HIGH
Secure data mule at safehouse,City Center,Kang Tao,MEDIUM
Secure data mule at safehouse,City Center,NCPD,MEDIUM
Secure data mule at safehouse,City Center,Aldecaldos,MEDIUM
Secure data mule at safehouse,City Center,Anonymous,MEDIUM
Secure data mule at safehouse,City Center,Voodoo Boys,HIGH
Secure data mule at safehouse,Westbrook,Militech,MEDIUM
Secure data mule at safehouse,Westbrook,NetWatch,LOW
Secure data mule at safehouse,Westbrook,Afterlife,MEDIUM
Secure data mule at safehouse,Westbrook,Biotechnica,LOW
Secure data mule at safehouse,Westbrook,Arasaka,MEDIUM
Secure data mule at safehouse,Westbrook,Kang Tao,MEDIUM
Secure data mule at safehouse,Westbrook,NCPD,LOW
Secure data mule at safehouse,Westbrook,Aldecaldos,LOW
Secure data mule at safehouse,Westbrook,Anonymous,MEDIUM
Secure data mule at safehouse,Westbrook,Voodoo Boys,MEDIUM
Secure data mule at safehouse,Pacifica,Militech,HIGH
Secure data mule at safehouse,Pacifica,NetWatch,MEDIUM
Secure data mule at safehouse,Pacifica,Afterlife,HIGH
Secure data mule at safehouse,Pacifica,Biotechnica,MEDIUM
Secure data mule at safehouse,Pacifica,Arasaka,HIGH
Secure data mule at safehouse,Pacifica,Kang Tao,HIGH
Secure data mule at safehouse,Pacifica,NCPD,MEDIUM
Secure data mule at safehouse,Pacifica,Aldecaldos,MEDIUM
Secure data mule at safehouse,Pacifica,Anonymous,HIGH
Secure data mule at safehouse,Pacifica,Voodoo Boys,HIGH
Secure data mule at safehouse,Badlands,Militech,HIGH
Secure data mule at safehouse,Badlands,NetWatch,MEDIUM
Secure data mule at safehouse,Badlands,Afterlife,HIGH
Secure data mule at safehouse,Badlands,Biotechnica,MEDIUM
Secure data mule at safehouse,Badlands,Arasaka,HIGH
Secure data mule at safehouse,Badlands,Kang Tao,HIGH
Secure data mule at safehouse,Badlands,NCPD,MEDIUM
Secure data mule at safehouse,Badlands,Aldecaldos,MEDIUM
Secure data mule at safehouse,Badlands,Anonymous,HIGH
Secure data mule at safehouse,Badlands,Voodoo Boys,HIGH
Secure data mule at safehouse,Japantown,Militech,MEDIUM
Secure data mule at safehouse,Japantown,NetWatch,LOW
Secure data mule at safehouse,Japantown,Afterlife,MEDIUM
Secure data mule at safehouse,Japantown,Biotechnica,LOW
Secure data mule at safehouse,Japantown,Arasaka,MEDIUM
Secure data mule at safehouse,Japantown,Kang Tao,MEDIUM
Secure data mule at safehouse,Japantown,NCPD,LOW
Secure data mule at safehouse,Japantown,Aldecaldos,LOW
Secure data mule at safehouse,Japantown,Anonymous,MEDIUM
Secure data mule at safehouse,Japantown,Voodoo Boys,MEDIUM
Secure data mule at safehouse,Charter Hill,Militech,MEDIUM
Secure data mule at safehouse,Charter Hill,NetWatch,MEDIUM
Secure data mule at safehouse,Charter Hill,Afterlife,MEDIUM
Secure data mule at safehouse,Charter Hill,Biotechnica,MEDIUM
Secure data mule at safehouse,Charter Hill,Arasaka,HIGH
Secure data mule at safehouse,Charter Hill,Kang Tao,MEDIUM
Secure data mule at safehouse,Charter Hill,NCPD,MEDIUM
Secure data mule at safehouse,Charter Hill,Aldecaldos,MEDIUM
Secure data mule at safehouse,Charter Hill,Anonymous,MEDIUM
Secure data mule at safehouse,Charter Hill,Voodoo Boys,HIGH
